City,2015 Sales,2015 Median Price
ADELAIDE            ,ADELAIDE             ,6.0,757500.0
ADELAIDE            ,NORTH ADELAIDE       ,4.0,992500.0
ADELAIDE HILLS      ,ALDGATE              ,17.0,685000.0
ADELAIDE HILLS      ,BALHANNAH            ,9.0,439000.0
ADELAIDE HILLS      ,BASKET RANGE         ,1.0,951000.0
ADELAIDE HILLS      ,BELAIR               ,18.0,595000.0
ADELAIDE HILLS      ,BIRDWOOD             ,3.0,425000.0
ADELAIDE HILLS      ,BRADBURY             ,1.0,505000.0
ADELAIDE HILLS      ,BRIDGEWATER          ,12.0,405500.0
ADELAIDE HILLS      ,CAREY GULLY          ,1.0,530000.0
ADELAIDE HILLS      ,CHARLESTON           ,1.0,435000.0
ADELAIDE HILLS      ,CRAFERS              ,5.0,565000.0
ADELAIDE HILLS      ,CRAFERS WEST         ,3.0,577000.0
ADELAIDE HILLS      ,FOREST RANGE         ,1.0,370000.0
ADELAIDE HILLS      ,GREENHILL            ,2.0,605250.0
ADELAIDE HILLS      ,GUMERACHA            ,2.0,407500.0
ADELAIDE HILLS      ,HAHNDORF             ,6.0,590000.0
ADELAIDE HILLS      ,HEATHFIELD           ,3.0,700000.0
ADELAIDE HILLS      ,KERSBROOK            ,4.0,340000.0
ADELAIDE HILLS      ,LENSWOOD             ,1.0,190000.0
ADELAIDE HILLS      ,LITTLEHAMPTON        ,19.0,452500.0
ADELAIDE HILLS      ,LOBETHAL             ,5.0,299950.0
ADELAIDE HILLS      ,MYLOR                ,1.0,390000.0
ADELAIDE HILLS      ,NAIRNE               ,21.0,367000.0
ADELAIDE HILLS      ,PARACOMBE            ,1.0,460000.0
ADELAIDE HILLS      ,PICCADILLY           ,1.0,550000.0
ADELAIDE HILLS      ,ROSTREVOR            ,15.0,486000.0
ADELAIDE HILLS      ,SKYE                 ,1.0,840000.0
ADELAIDE HILLS      ,STIRLING             ,15.0,622500.0
ADELAIDE HILLS      ,SUMMERTOWN           ,2.0,648750.0
ADELAIDE HILLS      ,UPPER STURT          ,4.0,500000.0
ADELAIDE HILLS      ,URAIDLA              ,3.0,415500.0
ADELAIDE HILLS      ,VERDUN               ,1.0,417500.0
ADELAIDE HILLS      ,WATERFALL GULLY      ,2.0,805000.0
ADELAIDE HILLS      ,WOODFORDE            ,1.0,840000.0
ADELAIDE HILLS      ,WOODSIDE             ,6.0,313750.0
BURNSIDE            ,AULDANA              ,3.0,1010000.0
BURNSIDE            ,BEAUMONT             ,9.0,856000.0
BURNSIDE            ,BEULAH PARK          ,9.0,765000.0
BURNSIDE            ,BURNSIDE             ,7.0,725000.0
BURNSIDE            ,DULWICH              ,3.0,755000.0
BURNSIDE            ,EASTWOOD             ,3.0,676320.0
BURNSIDE            ,ERINDALE             ,2.0,857500.0
BURNSIDE            ,FREWVILLE            ,2.0,780000.0
BURNSIDE            ,GLEN OSMOND          ,8.0,955000.0
BURNSIDE            ,GLENSIDE             ,2.0,905000.0
BURNSIDE            ,GLENUNGA             ,7.0,970000.0
BURNSIDE            ,HAZELWOOD PARK       ,7.0,748000.0
BURNSIDE            ,KENSINGTON GARDENS   ,9.0,1200000.0
BURNSIDE            ,KENSINGTON PARK      ,5.0,800000.0
BURNSIDE            ,LEABROOK             ,6.0,1620000.0
BURNSIDE            ,LINDEN PARK          ,10.0,800000.0
BURNSIDE            ,MAGILL               ,25.0,590000.0
BURNSIDE            ,MOUNT OSMOND         ,1.0,600000.0
BURNSIDE            ,ROSE PARK            ,5.0,1610000.0
BURNSIDE            ,ROSSLYN PARK         ,4.0,1130000.0
BURNSIDE            ,SKYE                 ,1.0,840000.0
BURNSIDE            ,ST.GEORGES           ,8.0,956750.0
BURNSIDE            ,STONYFELL            ,9.0,800000.0
BURNSIDE            ,TOORAK GARDENS       ,6.0,1301000.0
BURNSIDE            ,TUSMORE              ,6.0,1108000.0
BURNSIDE            ,WATERFALL GULLY      ,2.0,805000.0
BURNSIDE            ,WATTLE PARK          ,12.0,746250.0
CAMPBELLTOWN        ,ATHELSTONE           ,26.0,472500.0
CAMPBELLTOWN        ,CAMPBELLTOWN         ,26.0,460000.0
CAMPBELLTOWN        ,HECTORVILLE          ,11.0,522500.0
CAMPBELLTOWN        ,MAGILL               ,25.0,590000.0
CAMPBELLTOWN        ,NEWTON               ,14.0,463500.0
CAMPBELLTOWN        ,PARADISE             ,18.0,460000.0
CAMPBELLTOWN        ,ROSTREVOR            ,15.0,486000.0
CAMPBELLTOWN        ,TRANMERE             ,16.0,595000.0
CHARLES STURT       ,ALBERT PARK          ,8.0,415500.0
CHARLES STURT       ,ALLENBY GARDENS      ,4.0,617750.0
CHARLES STURT       ,ATHOL PARK           ,1.0,355000.0
CHARLES STURT       ,BEVERLEY             ,8.0,405000.0
CHARLES STURT       ,BOWDEN               ,2.0,295833.0
CHARLES STURT       ,BROMPTON             ,14.0,452500.0
CHARLES STURT       ,CHELTENHAM           ,10.0,605000.0
CHARLES STURT       ,CROYDON              ,2.0,275500.0
CHARLES STURT       ,DEVON PARK           ,2.0,460000.0
CHARLES STURT       ,FINDON               ,9.0,475000.0
CHARLES STURT       ,FLINDERS PARK        ,10.0,485000.0
CHARLES STURT       ,FULHAM GARDENS       ,16.0,600000.0
CHARLES STURT       ,GRANGE               ,18.0,605500.0
CHARLES STURT       ,HENDON               ,10.0,410750.0
CHARLES STURT       ,HENLEY BEACH         ,10.0,672750.0
CHARLES STURT       ,HENLEY BEACH SOUTH   ,5.0,971250.0
CHARLES STURT       ,KIDMAN PARK          ,7.0,575000.0
CHARLES STURT       ,KILKENNY             ,1.0,385000.0
CHARLES STURT       ,OVINGHAM             ,3.0,470000.0
CHARLES STURT       ,PENNINGTON           ,6.0,395000.0
CHARLES STURT       ,RENOWN PARK          ,1.0,385000.0
CHARLES STURT       ,RIDLEYTON            ,8.0,495000.0
CHARLES STURT       ,ROYAL PARK           ,13.0,370000.0
CHARLES STURT       ,SEATON               ,32.0,435000.0
CHARLES STURT       ,SEMAPHORE PARK       ,6.0,462500.0
CHARLES STURT       ,ST.CLAIR             ,5.0,546000.0
CHARLES STURT       ,TENNYSON             ,1.0,2150000.0
CHARLES STURT       ,WELLAND              ,1.0,445000.0
CHARLES STURT       ,WEST BEACH           ,19.0,770000.0
CHARLES STURT       ,WEST CROYDON         ,13.0,495000.0
CHARLES STURT       ,WEST HINDMARSH       ,2.0,498250.0
CHARLES STURT       ,WEST LAKES           ,18.0,776500.0
CHARLES STURT       ,WEST LAKES SHORE     ,8.0,600000.0
CHARLES STURT       ,WOODVILLE            ,1.0,538000.0
CHARLES STURT       ,WOODVILLE NORTH      ,7.0,335000.0
CHARLES STURT       ,WOODVILLE PARK       ,5.0,531500.0
CHARLES STURT       ,WOODVILLE SOUTH      ,7.0,485000.0
CHARLES STURT       ,WOODVILLE WEST       ,8.0,454000.0
GAWLER              ,EVANSTON             ,5.0,310000.0
GAWLER              ,EVANSTON GARDENS     ,7.0,292000.0
GAWLER              ,EVANSTON PARK        ,21.0,330000.0
GAWLER              ,EVANSTON SOUTH       ,2.0,417000.0
GAWLER              ,GAWLER               ,1.0,325000.0
GAWLER              ,GAWLER EAST          ,20.0,355000.0
GAWLER              ,GAWLER SOUTH         ,14.0,276000.0
GAWLER              ,GAWLER WEST          ,2.0,206250.0
GAWLER              ,REID                 ,2.0,355000.0
GAWLER              ,WILLASTON            ,17.0,310000.0
HOLDFAST BAY        ,BRIGHTON             ,17.0,855000.0
HOLDFAST BAY        ,GLENELG              ,4.0,948750.0
HOLDFAST BAY        ,GLENELG EAST         ,9.0,650000.0
HOLDFAST BAY        ,GLENELG NORTH        ,19.0,552000.0
HOLDFAST BAY        ,GLENELG SOUTH        ,2.0,610000.0
HOLDFAST BAY        ,HOVE                 ,8.0,683250.0
HOLDFAST BAY        ,KINGSTON PARK        ,1.0,600000.0
HOLDFAST BAY        ,NORTH BRIGHTON       ,8.0,560500.0
HOLDFAST BAY        ,SEACLIFF             ,6.0,755750.0
HOLDFAST BAY        ,SEACLIFF PARK        ,16.0,515000.0
HOLDFAST BAY        ,SOMERTON PARK        ,31.0,712500.0
HOLDFAST BAY        ,SOUTH BRIGHTON       ,8.0,508500.0
MARION              ,ASCOT PARK           ,7.0,405000.0
MARION              ,BEDFORD PARK         ,6.0,416500.0
MARION              ,CLOVELLY PARK        ,14.0,486500.0
MARION              ,DARLINGTON           ,6.0,477500.0
MARION              ,DOVER GARDENS        ,19.0,450000.0
MARION              ,EDWARDSTOWN          ,16.0,432500.0
MARION              ,GLANDORE             ,7.0,585000.0
MARION              ,GLENGOWRIE           ,21.0,571000.0
MARION              ,HALLETT COVE         ,56.0,430000.0
MARION              ,MARINO               ,20.0,710500.0
MARION              ,MARION               ,17.0,472250.0
MARION              ,MITCHELL PARK        ,18.0,416000.0
MARION              ,MORPHETTVILLE        ,9.0,482000.0
MARION              ,OAKLANDS PARK        ,11.0,433500.0
MARION              ,O'HALLORAN HILL      ,11.0,352300.0
MARION              ,PARK HOLME           ,5.0,425000.0
MARION              ,PLYMPTON PARK        ,9.0,490250.0
MARION              ,SEACLIFF PARK        ,16.0,515000.0
MARION              ,SEACOMBE GARDENS     ,8.0,426500.0
MARION              ,SEACOMBE HEIGHTS     ,8.0,480000.0
MARION              ,SEAVIEW DOWNS        ,11.0,460000.0
MARION              ,SHEIDOW PARK         ,32.0,411000.0
MARION              ,SOUTH PLYMPTON       ,15.0,445000.0
MARION              ,STURT                ,14.0,396500.0
MARION              ,TROTT PARK           ,11.0,350000.0
MARION              ,WARRADALE            ,21.0,512500.0
MITCHAM             ,BEDFORD PARK         ,6.0,416500.0
MITCHAM             ,BELAIR               ,18.0,595000.0
MITCHAM             ,BELLEVUE HEIGHTS     ,5.0,450000.0
MITCHAM             ,BLACKWOOD            ,21.0,530000.0
MITCHAM             ,CLAPHAM              ,8.0,592500.0
MITCHAM             ,CLARENCE GARDENS     ,8.0,555500.0
MITCHAM             ,COLONEL LIGHT GARDENS,9.0,615000.0
MITCHAM             ,COROMANDEL VALLEY    ,20.0,467500.0
MITCHAM             ,CRAFERS WEST         ,3.0,577000.0
MITCHAM             ,CRAIGBURN FARM       ,7.0,642500.0
MITCHAM             ,CUMBERLAND PARK      ,7.0,643500.0
MITCHAM             ,DAW PARK             ,7.0,535000.0
MITCHAM             ,EDEN HILLS           ,8.0,490000.0
MITCHAM             ,GLENALTA             ,5.0,470500.0
MITCHAM             ,HAWTHORN             ,9.0,827450.0
MITCHAM             ,HAWTHORNDENE         ,11.0,434000.0
MITCHAM             ,KINGSWOOD            ,8.0,1080000.0
MITCHAM             ,LOWER MITCHAM        ,5.0,721500.0
MITCHAM             ,LYNTON               ,1.0,690000.0
MITCHAM             ,MELROSE PARK         ,6.0,547500.0
MITCHAM             ,MITCHAM              ,8.0,650000.0
MITCHAM             ,NETHERBY             ,4.0,1145000.0
MITCHAM             ,PANORAMA             ,5.0,541000.0
MITCHAM             ,PASADENA             ,9.0,482500.0
MITCHAM             ,ST.MARYS             ,9.0,370000.0
MITCHAM             ,TORRENS PARK         ,10.0,765000.0
MITCHAM             ,UPPER STURT          ,4.0,500000.0
MITCHAM             ,URRBRAE              ,4.0,1150000.0
MITCHAM             ,WESTBOURNE PARK      ,6.0,680000.0
MOUNT BARKER        ,BALHANNAH            ,9.0,439000.0
MOUNT BARKER        ,BRIDGEWATER          ,12.0,405500.0
MOUNT BARKER        ,BRUKUNGA             ,2.0,204500.0
MOUNT BARKER        ,CALLINGTON           ,2.0,173000.0
MOUNT BARKER        ,ECHUNGA              ,5.0,400000.0
MOUNT BARKER        ,HAHNDORF             ,6.0,590000.0
MOUNT BARKER        ,KANGARILLA           ,4.0,405500.0
MOUNT BARKER        ,KANMANTOO            ,4.0,338500.0
MOUNT BARKER        ,LITTLEHAMPTON        ,19.0,452500.0
MOUNT BARKER        ,MACCLESFIELD         ,4.0,582000.0
MOUNT BARKER        ,MEADOWS              ,4.0,261250.0
MOUNT BARKER        ,MOUNT BARKER         ,49.0,374000.0
MOUNT BARKER        ,MYLOR                ,1.0,390000.0
MOUNT BARKER        ,NAIRNE               ,21.0,367000.0
MOUNT BARKER        ,VERDUN               ,1.0,417500.0
MOUNT BARKER        ,WOODSIDE             ,6.0,313750.0
NORWD PAYNM ST PET  ,COLLEGE PARK         ,3.0,1500000.0
NORWD PAYNM ST PET  ,EVANDALE             ,6.0,727500.0
NORWD PAYNM ST PET  ,FELIXSTOW            ,5.0,535000.0
NORWD PAYNM ST PET  ,FIRLE                ,4.0,515000.0
NORWD PAYNM ST PET  ,GLYNDE               ,6.0,515500.0
NORWD PAYNM ST PET  ,HACKNEY              ,1.0,875000.0
NORWD PAYNM ST PET  ,HEATHPOOL            ,3.0,1500000.0
NORWD PAYNM ST PET  ,JOSLIN               ,1.0,775000.0
NORWD PAYNM ST PET  ,KENSINGTON           ,3.0,755000.0
NORWD PAYNM ST PET  ,MARDEN               ,12.0,411000.0
NORWD PAYNM ST PET  ,MARRYATVILLE         ,3.0,781000.0
NORWD PAYNM ST PET  ,MAYLANDS             ,5.0,1250000.0
NORWD PAYNM ST PET  ,NORWOOD              ,13.0,900000.0
NORWD PAYNM ST PET  ,PAYNEHAM             ,4.0,556500.0
NORWD PAYNM ST PET  ,PAYNEHAM SOUTH       ,2.0,581250.0
NORWD PAYNM ST PET  ,ROYSTON PARK         ,7.0,780000.0
NORWD PAYNM ST PET  ,ST.PETERS            ,9.0,1130000.0
NORWD PAYNM ST PET  ,STEPNEY              ,2.0,655000.0
NORWD PAYNM ST PET  ,TRINITY GARDENS      ,5.0,590000.0
ONKAPARINGA         ,ABERFOYLE PARK       ,47.0,361250.0
ONKAPARINGA         ,ALDINGA BEACH        ,63.0,333000.0
ONKAPARINGA         ,CHANDLERS HILL       ,1.0,552000.0
ONKAPARINGA         ,CHRISTIE DOWNS       ,18.0,239000.0
ONKAPARINGA         ,CHRISTIES BEACH      ,23.0,305000.0
ONKAPARINGA         ,COROMANDEL VALLEY    ,20.0,467500.0
ONKAPARINGA         ,DARLINGTON           ,6.0,477500.0
ONKAPARINGA         ,FLAGSTAFF HILL       ,41.0,435000.0
ONKAPARINGA         ,HACKHAM              ,14.0,250000.0
ONKAPARINGA         ,HACKHAM WEST         ,13.0,263000.0
ONKAPARINGA         ,HAPPY VALLEY         ,41.0,350000.0
ONKAPARINGA         ,HUNTFIELD HEIGHTS    ,7.0,236000.0
ONKAPARINGA         ,KANGARILLA           ,4.0,405500.0
ONKAPARINGA         ,MASLIN BEACH         ,5.0,424707.0
ONKAPARINGA         ,MCLAREN FLAT         ,7.0,485000.0
ONKAPARINGA         ,MCLAREN VALE         ,11.0,465000.0
ONKAPARINGA         ,MOANA                ,12.0,390750.0
ONKAPARINGA         ,MORPHETT VALE        ,77.0,290000.0
ONKAPARINGA         ,MYLOR                ,1.0,390000.0
ONKAPARINGA         ,NOARLUNGA DOWNS      ,10.0,325000.0
ONKAPARINGA         ,O'HALLORAN HILL      ,11.0,352300.0
ONKAPARINGA         ,OLD NOARLUNGA        ,7.0,582500.0
ONKAPARINGA         ,OLD REYNELLA         ,7.0,340000.0
ONKAPARINGA         ,ONKAPARINGA HILLS    ,2.0,496000.0
ONKAPARINGA         ,O'SULLIVAN BEACH     ,9.0,270000.0
ONKAPARINGA         ,PORT NOARLUNGA       ,16.0,376000.0
ONKAPARINGA         ,PORT NOARLUNGA SOUTH ,10.0,450000.0
ONKAPARINGA         ,PORT WILLUNGA        ,17.0,330000.0
ONKAPARINGA         ,REYNELLA             ,19.0,318750.0
ONKAPARINGA         ,REYNELLA EAST        ,7.0,303000.0
ONKAPARINGA         ,SEAFORD              ,17.0,326000.0
ONKAPARINGA         ,SEAFORD MEADOWS      ,16.0,380000.0
ONKAPARINGA         ,SEAFORD RISE         ,24.0,406250.0
ONKAPARINGA         ,SELLICKS BEACH       ,18.0,291250.0
ONKAPARINGA         ,WILLUNGA             ,10.0,447500.0
ONKAPARINGA         ,WOODCROFT            ,33.0,400000.0
PLAYFORD            ,ANDREWS FARM         ,32.0,290000.0
PLAYFORD            ,ANGLE VALE           ,7.0,525000.0
PLAYFORD            ,BLAKEVIEW            ,33.0,290000.0
PLAYFORD            ,CRAIGMORE            ,46.0,274000.0
PLAYFORD            ,DAVOREN PARK         ,17.0,184950.0
PLAYFORD            ,ELIZABETH DOWNS      ,13.0,176000.0
PLAYFORD            ,ELIZABETH EAST       ,20.0,213725.0
PLAYFORD            ,ELIZABETH GROVE      ,3.0,239000.0
PLAYFORD            ,ELIZABETH NORTH      ,10.0,167000.0
PLAYFORD            ,ELIZABETH PARK       ,15.0,186000.0
PLAYFORD            ,ELIZABETH SOUTH      ,3.0,155000.0
PLAYFORD            ,ELIZABETH VALE       ,14.0,225000.0
PLAYFORD            ,EVANSTON PARK        ,21.0,330000.0
PLAYFORD            ,HILLBANK             ,13.0,306000.0
PLAYFORD            ,MUNNO PARA           ,11.0,280000.0
PLAYFORD            ,MUNNO PARA WEST      ,25.0,298750.0
PLAYFORD            ,ONE TREE HILL        ,1.0,590350.0
PLAYFORD            ,SMITHFIELD           ,7.0,277500.0
PLAYFORD            ,SMITHFIELD PLAINS    ,5.0,216000.0
PLAYFORD            ,VIRGINIA             ,2.0,480000.0
PORT ADEL ENFIELD   ,ALBERTON             ,4.0,387500.0
PORT ADEL ENFIELD   ,ANGLE PARK           ,4.0,388750.0
PORT ADEL ENFIELD   ,BIRKENHEAD           ,13.0,372500.0
PORT ADEL ENFIELD   ,BLAIR ATHOL          ,16.0,400000.0
PORT ADEL ENFIELD   ,BROADVIEW            ,19.0,505000.0
PORT ADEL ENFIELD   ,CLEARVIEW            ,27.0,375000.0
PORT ADEL ENFIELD   ,CROYDON PARK         ,3.0,372500.0
PORT ADEL ENFIELD   ,DERNANCOURT          ,12.0,427500.0
PORT ADEL ENFIELD   ,DEVON PARK           ,2.0,460000.0
PORT ADEL ENFIELD   ,ENFIELD              ,17.0,385000.0
PORT ADEL ENFIELD   ,ETHELTON             ,6.0,432500.0
PORT ADEL ENFIELD   ,EXETER               ,3.0,495000.0
PORT ADEL ENFIELD   ,FERRYDEN PARK        ,11.0,438000.0
PORT ADEL ENFIELD   ,GEPPS CROSS          ,1.0,340000.0
PORT ADEL ENFIELD   ,GILLES PLAINS        ,12.0,355000.0
PORT ADEL ENFIELD   ,GLANVILLE            ,5.0,280000.0
PORT ADEL ENFIELD   ,GREENACRES           ,18.0,389000.0
PORT ADEL ENFIELD   ,HAMPSTEAD GARDENS    ,4.0,470000.0
PORT ADEL ENFIELD   ,HILLCREST            ,8.0,390000.0
PORT ADEL ENFIELD   ,HOLDEN HILL          ,8.0,299000.0
PORT ADEL ENFIELD   ,KILBURN              ,13.0,350000.0
PORT ADEL ENFIELD   ,KLEMZIG              ,17.0,484000.0
PORT ADEL ENFIELD   ,LARGS BAY            ,15.0,560000.0
PORT ADEL ENFIELD   ,LARGS NORTH          ,14.0,375000.0
PORT ADEL ENFIELD   ,MANNINGHAM           ,7.0,530000.0
PORT ADEL ENFIELD   ,MANSFIELD PARK       ,6.0,390500.0
PORT ADEL ENFIELD   ,NORTH HAVEN          ,22.0,457500.0
PORT ADEL ENFIELD   ,NORTHFIELD           ,13.0,395000.0
PORT ADEL ENFIELD   ,NORTHGATE            ,19.0,492500.0
PORT ADEL ENFIELD   ,OAKDEN               ,8.0,430000.0
PORT ADEL ENFIELD   ,OSBORNE              ,9.0,330000.0
PORT ADEL ENFIELD   ,OTTOWAY              ,9.0,283000.0
PORT ADEL ENFIELD   ,PETERHEAD            ,7.0,355000.0
PORT ADEL ENFIELD   ,PORT ADELAIDE        ,1.0,315000.0
PORT ADEL ENFIELD   ,QUEENSTOWN           ,6.0,402500.0
PORT ADEL ENFIELD   ,ROSEWATER            ,11.0,320000.0
PORT ADEL ENFIELD   ,SEFTON PARK          ,2.0,672500.0
PORT ADEL ENFIELD   ,SEMAPHORE            ,11.0,475000.0
PORT ADEL ENFIELD   ,SEMAPHORE SOUTH      ,4.0,482500.0
PORT ADEL ENFIELD   ,TAPEROO              ,4.0,375000.0
PORT ADEL ENFIELD   ,VALLEY VIEW          ,20.0,353000.0
PORT ADEL ENFIELD   ,WALKLEY HEIGHTS      ,7.0,507000.0
PORT ADEL ENFIELD   ,WINDSOR GARDENS      ,20.0,414000.0
PORT ADEL ENFIELD   ,WINGFIELD            ,2.0,295000.0
PORT ADEL ENFIELD   ,WOODVILLE GARDENS    ,2.0,370000.0
PROSPECT            ,BROADVIEW            ,19.0,505000.0
PROSPECT            ,COLLINSWOOD          ,5.0,750000.0
PROSPECT            ,FITZROY              ,3.0,1320000.0
PROSPECT            ,MEDINDIE GARDENS     ,1.0,1060000.0
PROSPECT            ,NAILSWORTH           ,5.0,565000.0
PROSPECT            ,OVINGHAM             ,3.0,470000.0
PROSPECT            ,PROSPECT             ,36.0,555000.0
PROSPECT            ,SEFTON PARK          ,2.0,672500.0
PROSPECT            ,THORNGATE            ,2.0,1725000.0
SALISBURY           ,BRAHMA LODGE         ,9.0,235000.0
SALISBURY           ,BURTON               ,27.0,288000.0
SALISBURY           ,DIREK                ,10.0,316000.0
SALISBURY           ,ELIZABETH VALE       ,14.0,225000.0
SALISBURY           ,GOLDEN GROVE         ,24.0,464000.0
SALISBURY           ,GREEN FIELDS         ,1.0,320000.0
SALISBURY           ,GULFVIEW HEIGHTS     ,11.0,580000.0
SALISBURY           ,INGLE FARM           ,36.0,307000.0
SALISBURY           ,MAWSON LAKES         ,48.0,450000.0
SALISBURY           ,PARA HILLS           ,19.0,305000.0
SALISBURY           ,PARA HILLS WEST      ,9.0,319100.0
SALISBURY           ,PARA VISTA           ,9.0,349000.0
SALISBURY           ,PARAFIELD GARDENS    ,49.0,300000.0
SALISBURY           ,PARALOWIE            ,46.0,288750.0
SALISBURY           ,POORAKA              ,24.0,327000.0
SALISBURY           ,SALISBURY            ,21.0,267000.0
SALISBURY           ,SALISBURY DOWNS      ,13.0,270500.0
SALISBURY           ,SALISBURY EAST       ,23.0,269500.0
SALISBURY           ,SALISBURY HEIGHTS    ,9.0,449000.0
SALISBURY           ,SALISBURY NORTH      ,30.0,253500.0
SALISBURY           ,SALISBURY PARK       ,7.0,266000.0
SALISBURY           ,SALISBURY PLAIN      ,5.0,285000.0
SALISBURY           ,VALLEY VIEW          ,20.0,353000.0
SALISBURY           ,WALKLEY HEIGHTS      ,7.0,507000.0
TEA TREE GULLY      ,BANKSIA PARK         ,10.0,380000.0
TEA TREE GULLY      ,DERNANCOURT          ,12.0,427500.0
TEA TREE GULLY      ,FAIRVIEW PARK        ,18.0,387000.0
TEA TREE GULLY      ,GILLES PLAINS        ,12.0,355000.0
TEA TREE GULLY      ,GOLDEN GROVE         ,24.0,464000.0
TEA TREE GULLY      ,GREENWITH            ,35.0,407000.0
TEA TREE GULLY      ,HIGHBURY             ,24.0,514000.0
TEA TREE GULLY      ,HOLDEN HILL          ,8.0,299000.0
TEA TREE GULLY      ,HOPE VALLEY          ,19.0,366500.0
TEA TREE GULLY      ,MODBURY              ,11.0,320000.0
TEA TREE GULLY      ,MODBURY HEIGHTS      ,24.0,359000.0
TEA TREE GULLY      ,MODBURY NORTH        ,23.0,375000.0
TEA TREE GULLY      ,PARA HILLS           ,19.0,305000.0
TEA TREE GULLY      ,REDWOOD PARK         ,13.0,372500.0
TEA TREE GULLY      ,RIDGEHAVEN           ,10.0,354000.0
TEA TREE GULLY      ,SALISBURY EAST       ,23.0,269500.0
TEA TREE GULLY      ,SALISBURY HEIGHTS    ,9.0,449000.0
TEA TREE GULLY      ,ST.AGNES             ,6.0,394875.0
TEA TREE GULLY      ,SURREY DOWNS         ,24.0,343000.0
TEA TREE GULLY      ,TEA TREE GULLY       ,15.0,375000.0
TEA TREE GULLY      ,VALLEY VIEW          ,20.0,353000.0
TEA TREE GULLY      ,VISTA                ,5.0,329000.0
TEA TREE GULLY      ,WYNN VALE            ,22.0,427750.0
TEA TREE GULLY      ,YATALA VALE          ,1.0,400000.0
UNLEY               ,BLACK FOREST         ,2.0,685250.0
UNLEY               ,CLARENCE PARK        ,5.0,561000.0
UNLEY               ,EVERARD PARK         ,1.0,570000.0
UNLEY               ,FORESTVILLE          ,3.0,695000.0
UNLEY               ,FULLARTON            ,10.0,771500.0
UNLEY               ,GOODWOOD             ,6.0,686500.0
UNLEY               ,HIGHGATE             ,6.0,935000.0
UNLEY               ,HYDE PARK            ,12.0,1100000.0
UNLEY               ,KESWICK              ,2.0,580250.0
UNLEY               ,KINGS PARK           ,2.0,842500.0
UNLEY               ,MALVERN              ,5.0,1385000.0
UNLEY               ,MILLSWOOD            ,9.0,890000.0
UNLEY               ,MYRTLE BANK          ,5.0,680000.0
UNLEY               ,PARKSIDE             ,15.0,876000.0
UNLEY               ,UNLEY                ,10.0,950000.0
UNLEY               ,UNLEY PARK           ,5.0,2170000.0
UNLEY               ,WAYVILLE             ,3.0,946000.0
WALKERVILLE         ,GILBERTON            ,5.0,985000.0
WALKERVILLE         ,MEDINDIE             ,4.0,1627500.0
WALKERVILLE         ,VALE PARK            ,11.0,755000.0
WALKERVILLE         ,WALKERVILLE          ,4.0,970000.0
WEST TORRENS        ,BROOKLYN PARK        ,14.0,512500.0
WEST TORRENS        ,CAMDEN PARK          ,5.0,422500.0
WEST TORRENS        ,COWANDILLA           ,4.0,418500.0
WEST TORRENS        ,FULHAM               ,9.0,715000.0
WEST TORRENS        ,GLANDORE             ,7.0,585000.0
WEST TORRENS        ,GLENELG NORTH        ,19.0,552000.0
WEST TORRENS        ,HILTON               ,2.0,450500.0
WEST TORRENS        ,KESWICK              ,2.0,580250.0
WEST TORRENS        ,KURRALTA PARK        ,3.0,465000.0
WEST TORRENS        ,LOCKLEYS             ,18.0,583000.0
WEST TORRENS        ,MARLESTON            ,5.0,480000.0
WEST TORRENS        ,MILE END             ,4.0,806250.0
WEST TORRENS        ,NETLEY               ,4.0,450000.0
WEST TORRENS        ,NORTH PLYMPTON       ,16.0,475250.0
WEST TORRENS        ,NOVAR GARDENS        ,13.0,568000.0
WEST TORRENS        ,PLYMPTON             ,13.0,495000.0
WEST TORRENS        ,RICHMOND             ,14.0,492500.0
WEST TORRENS        ,THEBARTON            ,2.0,452500.0
WEST TORRENS        ,TORRENSVILLE         ,12.0,616000.0
WEST TORRENS        ,UNDERDALE            ,10.0,560000.0
WEST TORRENS        ,WEST BEACH           ,19.0,770000.0
WEST TORRENS        ,WEST RICHMOND        ,2.0,363000.0
ADELAIDE,ADELAIDE,6.333333333333333,600000.0
ADELAIDE,NORTH ADELAIDE,5.0,1300000.0
ADELAIDE HILLS,ALDGATE,7.333333333333333,685000.0
ADELAIDE HILLS,BASKET RANGE,0.3333333333333333,0.0
ADELAIDE HILLS,BELAIR,17.0,550000.0
ADELAIDE HILLS,BRIDGEWATER,14.0,465000.0
ADELAIDE HILLS,CRAFERS,4.666666666666667,617500.0
ADELAIDE HILLS,CRAFERS WEST,4.333333333333333,537500.0
ADELAIDE HILLS,GREENHILL,2.3333333333333335,496000.0
ADELAIDE HILLS,HEATHFIELD,2.6666666666666665,675000.0
ADELAIDE HILLS,IRONBANK,0.3333333333333333,0.0
ADELAIDE HILLS,MYLOR,0.3333333333333333,0.0
ADELAIDE HILLS,NORTON SUMMIT,0.3333333333333333,0.0
ADELAIDE HILLS,ROSTREVOR,22.333333333333332,532500.0
ADELAIDE HILLS,STIRLING,9.666666666666666,700000.0
ADELAIDE HILLS,STONYFELL,2.6666666666666665,844500.0
ADELAIDE HILLS,SUMMERTOWN,0.6666666666666666,0.0
ADELAIDE HILLS,TERINGIE,1.0,588750.0
ADELAIDE HILLS,UPPER STURT,2.0,423750.0
ADELAIDE HILLS,URAIDLA,2.0,525000.0
ADELAIDE HILLS,WOODFORDE,1.6666666666666667,788500.0
BURNSIDE,AULDANA,1.0,828888.0
BURNSIDE,BEAUMONT,9.0,865000.0
BURNSIDE,BEULAH PARK,4.666666666666667,673000.0
BURNSIDE,BURNSIDE,9.333333333333334,800000.0
BURNSIDE,DULWICH,4.666666666666667,1060000.0
BURNSIDE,EASTWOOD,0.6666666666666666,420000.0
BURNSIDE,ERINDALE,2.0,1031000.0
BURNSIDE,FREWVILLE,0.6666666666666666,0.0
BURNSIDE,GLEN OSMOND,8.333333333333334,755500.0
BURNSIDE,GLENSIDE,3.6666666666666665,750000.0
BURNSIDE,GLENUNGA,1.6666666666666667,872888.0
BURNSIDE,HAZELWOOD PARK,3.6666666666666665,971500.0
BURNSIDE,KENSINGTON GARDENS,5.0,671250.0
BURNSIDE,KENSINGTON PARK,5.333333333333333,891000.0
BURNSIDE,LEABROOK,2.0,0.0
BURNSIDE,LINDEN PARK,5.333333333333333,920000.0
BURNSIDE,MAGILL,27.0,580000.0
BURNSIDE,MOUNT OSMOND,2.3333333333333335,750000.0
BURNSIDE,ROSE PARK,3.0,1490000.0
BURNSIDE,ROSSLYN PARK,5.0,927500.0
BURNSIDE,SKYE,0.6666666666666666,0.0
BURNSIDE,ST GEORGES,3.0,1087500.0
BURNSIDE,STONYFELL,2.6666666666666665,844500.0
BURNSIDE,TOORAK GARDENS,5.0,1515000.0
BURNSIDE,TUSMORE,3.6666666666666665,1023250.0
BURNSIDE,WATTLE PARK,8.666666666666666,805000.0
CAMPBELLTOWN,ATHELSTONE,18.666666666666668,485000.0
CAMPBELLTOWN,CAMPBELLTOWN,31.0,500000.0
CAMPBELLTOWN,HECTORVILLE,11.0,487500.0
CAMPBELLTOWN,MAGILL,27.0,580000.0
CAMPBELLTOWN,NEWTON,14.0,497500.0
CAMPBELLTOWN,PARADISE,14.666666666666666,485000.0
CAMPBELLTOWN,ROSTREVOR,22.333333333333332,532500.0
CAMPBELLTOWN,TRANMERE,10.333333333333334,625000.0
CHARLES STURT,ALBERT PARK,6.666666666666667,400000.0
CHARLES STURT,ALLENBY GARDENS,2.6666666666666665,490250.0
CHARLES STURT,ATHOL PARK,4.333333333333333,376000.0
CHARLES STURT,BEVERLEY,5.0,489000.0
CHARLES STURT,BOWDEN,1.0,0.0
CHARLES STURT,BROMPTON,7.0,525000.0
CHARLES STURT,CHELTENHAM,3.3333333333333335,440000.0
CHARLES STURT,CROYDON,2.0,470000.0
CHARLES STURT,DEVON PARK,1.6666666666666667,482000.0
CHARLES STURT,FINDON,16.666666666666668,487000.0
CHARLES STURT,FLINDERS PARK,13.0,545000.0
CHARLES STURT,FULHAM GARDENS,17.0,600000.0
CHARLES STURT,GRANGE,9.0,638000.0
CHARLES STURT,HENDON,3.0,371000.0
CHARLES STURT,HENLEY BEACH,10.666666666666666,737000.0
CHARLES STURT,HENLEY BEACH SOUTH,6.0,942500.0
CHARLES STURT,KIDMAN PARK,7.0,575000.0
CHARLES STURT,KILKENNY,2.3333333333333335,450000.0
CHARLES STURT,OVINGHAM,1.6666666666666667,553000.0
CHARLES STURT,PENNINGTON,6.333333333333333,376000.0
CHARLES STURT,RENOWN PARK,3.6666666666666665,476750.0
CHARLES STURT,RIDLEYTON,4.0,428000.0
CHARLES STURT,ROSEWATER,9.333333333333334,365000.0
CHARLES STURT,ROYAL PARK,9.333333333333334,348000.0
CHARLES STURT,SEATON,20.333333333333332,460000.0
CHARLES STURT,SEMAPHORE PARK,7.0,501249.5
CHARLES STURT,ST CLAIR,3.6666666666666665,645000.0
CHARLES STURT,TENNYSON,3.6666666666666665,1027000.0
CHARLES STURT,WEST BEACH,9.0,633500.0
CHARLES STURT,WEST CROYDON,10.0,522500.0
CHARLES STURT,WEST HINDMARSH,0.6666666666666666,480000.0
CHARLES STURT,WEST LAKES,12.0,708000.0
CHARLES STURT,WEST LAKES SHORE,5.333333333333333,529000.0
CHARLES STURT,WOODVILLE,2.3333333333333335,517500.0
CHARLES STURT,WOODVILLE NORTH,6.0,380000.0
CHARLES STURT,WOODVILLE PARK,4.333333333333333,580000.0
CHARLES STURT,WOODVILLE SOUTH,11.666666666666666,470000.0
CHARLES STURT,WOODVILLE WEST,7.666666666666667,462500.0
GAWLER,EVANSTON,6.666666666666667,272500.0
GAWLER,EVANSTON GARDENS,6.0,300000.0
GAWLER,EVANSTON PARK,18.333333333333332,375000.0
GAWLER,EVANSTON SOUTH,0.3333333333333333,0.0
GAWLER,GAWLER,1.6666666666666667,384500.0
GAWLER,GAWLER EAST,18.0,315000.0
GAWLER,GAWLER SOUTH,9.333333333333334,280000.0
GAWLER,GAWLER WEST,1.0,155000.0
GAWLER,REID,1.0,0.0
GAWLER,WILLASTON,14.0,309500.0
HOLDFAST BAY,BRIGHTON,11.666666666666666,677500.0
HOLDFAST BAY,GLENELG,1.0,920000.0
HOLDFAST BAY,GLENELG EAST,6.333333333333333,775000.0
HOLDFAST BAY,GLENELG NORTH,13.666666666666666,570000.0
HOLDFAST BAY,GLENELG SOUTH,0.6666666666666666,0.0
HOLDFAST BAY,HOVE,8.666666666666666,662550.0
HOLDFAST BAY,KINGSTON PARK,1.0,0.0
HOLDFAST BAY,NORTH BRIGHTON,5.0,760000.0
HOLDFAST BAY,SEACLIFF,3.6666666666666665,673500.0
HOLDFAST BAY,SEACLIFF PARK,7.0,475000.0
HOLDFAST BAY,SOMERTON PARK,14.666666666666666,785000.0
HOLDFAST BAY,SOUTH BRIGHTON,7.0,567000.0
MARION,ASCOT PARK,9.0,429000.0
MARION,BEDFORD PARK,4.666666666666667,487500.0
MARION,CLOVELLY PARK,9.333333333333334,442250.0
MARION,DARLINGTON,0.3333333333333333,0.0
MARION,DOVER GARDENS,11.666666666666666,455000.0
MARION,EDWARDSTOWN,10.0,445000.0
MARION,GLANDORE,6.666666666666667,615000.0
MARION,GLENGOWRIE,11.333333333333334,586375.0
MARION,HALLETT COVE,30.0,440500.0
MARION,MARINO,8.0,685000.0
MARION,MARION,10.666666666666666,468000.0
MARION,MITCHELL PARK,12.333333333333334,435000.0
MARION,MORPHETTVILLE,7.0,475000.0
MARION,OAKLANDS PARK,7.0,490000.0
MARION,O'HALLORAN HILL,7.333333333333333,380000.0
MARION,PARK HOLME,7.666666666666667,460000.0
MARION,PLYMPTON PARK,10.666666666666666,536000.0
MARION,SEACLIFF PARK,7.0,475000.0
MARION,SEACOMBE GARDENS,9.666666666666666,439000.0
MARION,SEACOMBE HEIGHTS,3.3333333333333335,403750.0
MARION,SEAVIEW DOWNS,6.333333333333333,470500.0
MARION,SHEIDOW PARK,23.0,388500.0
MARION,SOUTH PLYMPTON,9.666666666666666,515000.0
MARION,STURT,7.666666666666667,435000.0
MARION,TROTT PARK,6.333333333333333,341750.0
MARION,WARRADALE,15.333333333333334,565500.0
MITCHAM,BEDFORD PARK,4.666666666666667,487500.0
MITCHAM,BELAIR,17.0,550000.0
MITCHAM,BELLEVUE HEIGHTS,5.666666666666667,521300.0
MITCHAM,BLACKWOOD,11.0,510000.0
MITCHAM,BROWN HILL CREEK,0.3333333333333333,0.0
MITCHAM,CLAPHAM,5.666666666666667,542500.0
MITCHAM,CLARENCE GARDENS,4.666666666666667,557000.0
MITCHAM,COLONEL LIGHT GARDENS,7.666666666666667,730000.0
MITCHAM,COROMANDEL VALLEY,10.0,498500.0
MITCHAM,CRAFERS WEST,4.333333333333333,537500.0
MITCHAM,CRAIGBURN FARM,7.333333333333333,630000.0
MITCHAM,CUMBERLAND PARK,4.0,661750.0
MITCHAM,DAW PARK,5.333333333333333,470000.0
MITCHAM,EDEN HILLS,6.666666666666667,535000.0
MITCHAM,GLENALTA,4.666666666666667,490000.0
MITCHAM,HAWTHORN,5.333333333333333,875000.0
MITCHAM,HAWTHORNDENE,9.333333333333334,465750.0
MITCHAM,KINGSWOOD,4.0,880000.0
MITCHAM,LOWER MITCHAM,7.666666666666667,625500.0
MITCHAM,LYNTON,0.6666666666666666,460000.0
MITCHAM,MELROSE PARK,10.666666666666666,490000.0
MITCHAM,MITCHAM,5.0,799000.0
MITCHAM,NETHERBY,2.0,906000.0
MITCHAM,PANORAMA,9.0,629500.0
MITCHAM,PASADENA,6.333333333333333,440000.0
MITCHAM,SPRINGFIELD,1.3333333333333333,1225000.0
MITCHAM,ST MARYS,7.0,438400.0
MITCHAM,TORRENS PARK,7.333333333333333,790500.0
MITCHAM,UPPER STURT,2.0,423750.0
MITCHAM,URRBRAE,5.0,760000.0
MITCHAM,WESTBOURNE PARK,6.666666666666667,810000.0
MOUNT BARKER,BRIDGEWATER,14.0,415000.0
MOUNT BARKER,MYLOR,1.0,380000.0
NORWOOD PAYNEHAM & ST PETERS,COLLEGE PARK,2.6666666666666665,2400000.0
NORWOOD PAYNEHAM & ST PETERS,EVANDALE,2.0,647500.0
NORWOOD PAYNEHAM & ST PETERS,FELIXSTOW,3.0,565750.0
NORWOOD PAYNEHAM & ST PETERS,FIRLE,4.666666666666667,635000.0
NORWOOD PAYNEHAM & ST PETERS,GLYNDE,4.333333333333333,603000.0
NORWOOD PAYNEHAM & ST PETERS,HACKNEY,0.3333333333333333,0.0
NORWOOD PAYNEHAM & ST PETERS,HEATHPOOL,0.3333333333333333,0.0
NORWOOD PAYNEHAM & ST PETERS,JOSLIN,3.6666666666666665,1106500.0
NORWOOD PAYNEHAM & ST PETERS,KENSINGTON,0.6666666666666666,550000.0
NORWOOD PAYNEHAM & ST PETERS,KENT TOWN,0.6666666666666666,971500.0
NORWOOD PAYNEHAM & ST PETERS,MARDEN,9.333333333333334,575000.0
NORWOOD PAYNEHAM & ST PETERS,MARRYATVILLE,0.3333333333333333,0.0
NORWOOD PAYNEHAM & ST PETERS,MAYLANDS,1.0,873000.0
NORWOOD PAYNEHAM & ST PETERS,NORWOOD,9.0,830000.0
NORWOOD PAYNEHAM & ST PETERS,PAYNEHAM,5.0,553000.0
NORWOOD PAYNEHAM & ST PETERS,PAYNEHAM SOUTH,5.0,655000.0
NORWOOD PAYNEHAM & ST PETERS,ROYSTON PARK,3.3333333333333335,810000.0
NORWOOD PAYNEHAM & ST PETERS,ST MORRIS,2.0,614000.0
NORWOOD PAYNEHAM & ST PETERS,ST PETERS,9.333333333333334,1327500.0
NORWOOD PAYNEHAM & ST PETERS,STEPNEY,3.3333333333333335,667000.0
NORWOOD PAYNEHAM & ST PETERS,TRINITY GARDENS,1.3333333333333333,711000.0
ONKAPARINGA,ABERFOYLE PARK,32.0,435000.0
ONKAPARINGA,ALDINGA,1.0,0.0
ONKAPARINGA,ALDINGA BEACH,39.333333333333336,336000.0
ONKAPARINGA,CHANDLERS HILL,1.6666666666666667,585000.0
ONKAPARINGA,CHRISTIE DOWNS,12.666666666666666,257500.0
ONKAPARINGA,CHRISTIES BEACH,19.666666666666668,349000.0
ONKAPARINGA,CLARENDON,1.0,320000.0
ONKAPARINGA,COROMANDEL VALLEY,10.0,498500.0
ONKAPARINGA,CRAIGBURN FARM,7.333333333333333,630000.0
ONKAPARINGA,DARLINGTON,0.3333333333333333,0.0
ONKAPARINGA,FLAGSTAFF HILL,38.333333333333336,485000.0
ONKAPARINGA,HACKHAM,12.666666666666666,281500.0
ONKAPARINGA,HACKHAM WEST,15.0,251000.0
ONKAPARINGA,HALLETT COVE,30.0,440500.0
ONKAPARINGA,HAPPY VALLEY,33.333333333333336,377500.0
ONKAPARINGA,HUNTFIELD HEIGHTS,12.333333333333334,256750.0
ONKAPARINGA,IRONBANK,0.3333333333333333,0.0
ONKAPARINGA,MASLIN BEACH,2.0,343750.0
ONKAPARINGA,MCLAREN FLAT,2.6666666666666665,442000.0
ONKAPARINGA,MCLAREN VALE,4.666666666666667,391000.0
ONKAPARINGA,MOANA,8.666666666666666,479250.0
ONKAPARINGA,MORPHETT VALE,75.33333333333333,301000.0
ONKAPARINGA,NOARLUNGA CENTRE,0.3333333333333333,0.0
ONKAPARINGA,NOARLUNGA DOWNS,14.666666666666666,320125.0
ONKAPARINGA,O'HALLORAN HILL,7.333333333333333,380000.0
ONKAPARINGA,OLD NOARLUNGA,3.3333333333333335,356000.0
ONKAPARINGA,OLD REYNELLA,11.333333333333334,393000.0
ONKAPARINGA,ONKAPARINGA HILLS,4.666666666666667,407000.0
ONKAPARINGA,O'SULLIVAN BEACH,7.333333333333333,276000.0
ONKAPARINGA,PORT NOARLUNGA,8.0,384500.0
ONKAPARINGA,PORT NOARLUNGA SOUTH,9.0,395000.0
ONKAPARINGA,PORT WILLUNGA,5.666666666666667,348000.0
ONKAPARINGA,REYNELLA,12.666666666666666,315000.0
ONKAPARINGA,REYNELLA EAST,6.666666666666667,327000.0
ONKAPARINGA,SEAFORD,14.0,350000.0
ONKAPARINGA,SEAFORD MEADOWS,17.0,387500.0
ONKAPARINGA,SEAFORD RISE,19.666666666666668,377500.0
ONKAPARINGA,SELLICKS BEACH,11.333333333333334,332500.0
ONKAPARINGA,VALE PARK,7.666666666666667,615000.0
ONKAPARINGA,WILLUNGA,8.0,482500.0
ONKAPARINGA,WOODCROFT,30.0,392000.0
PLAYFORD,ANDREWS FARM,28.0,275000.0
PLAYFORD,ANGLE VALE,4.666666666666667,545000.0
PLAYFORD,BLAKEVIEW,19.666666666666668,300000.0
PLAYFORD,CRAIGMORE,31.333333333333332,309000.0
PLAYFORD,DAVOREN PARK,20.666666666666668,180300.0
PLAYFORD,ELIZABETH,2.6666666666666665,260000.0
PLAYFORD,ELIZABETH DOWNS,14.333333333333334,180000.0
PLAYFORD,ELIZABETH EAST,14.666666666666666,216000.0
PLAYFORD,ELIZABETH GROVE,4.333333333333333,225000.0
PLAYFORD,ELIZABETH NORTH,6.333333333333333,182500.0
PLAYFORD,ELIZABETH PARK,15.0,206000.0
PLAYFORD,ELIZABETH SOUTH,4.333333333333333,207500.0
PLAYFORD,ELIZABETH VALE,16.333333333333332,231000.0
PLAYFORD,EVANSTON PARK,18.333333333333332,375000.0
PLAYFORD,HILLBANK,11.333333333333334,303000.0
PLAYFORD,MUNNO PARA,10.0,251000.0
PLAYFORD,MUNNO PARA WEST,15.0,284250.0
PLAYFORD,ONE TREE HILL,1.0,513500.0
PLAYFORD,PENFIELD,1.3333333333333333,250000.0
PLAYFORD,SMITHFIELD,5.0,220000.0
PLAYFORD,SMITHFIELD PLAINS,5.666666666666667,204000.0
PLAYFORD,VIRGINIA,1.6666666666666667,473000.0
PORT ADELAIDE ENFIELD,ALBERTON,2.6666666666666665,518000.0
PORT ADELAIDE ENFIELD,ANGLE PARK,2.3333333333333335,385500.0
PORT ADELAIDE ENFIELD,BIRKENHEAD,5.333333333333333,392500.0
PORT ADELAIDE ENFIELD,BLAIR ATHOL,9.666666666666666,411250.0
PORT ADELAIDE ENFIELD,BROADVIEW,12.0,528375.0
PORT ADELAIDE ENFIELD,CLEARVIEW,14.0,381000.0
PORT ADELAIDE ENFIELD,CROYDON PARK,8.666666666666666,417500.0
PORT ADELAIDE ENFIELD,DERNANCOURT,14.0,453500.0
PORT ADELAIDE ENFIELD,DEVON PARK,1.6666666666666667,482000.0
PORT ADELAIDE ENFIELD,DUDLEY PARK,1.3333333333333333,357500.0
PORT ADELAIDE ENFIELD,ENFIELD,15.333333333333334,402000.0
PORT ADELAIDE ENFIELD,ETHELTON,4.333333333333333,445000.0
PORT ADELAIDE ENFIELD,EXETER,3.3333333333333335,485500.0
PORT ADELAIDE ENFIELD,FERRYDEN PARK,6.666666666666667,430150.0
PORT ADELAIDE ENFIELD,GEPPS CROSS,1.3333333333333333,340000.0
PORT ADELAIDE ENFIELD,GILLES PLAINS,9.666666666666666,367500.0
PORT ADELAIDE ENFIELD,GLANVILLE,1.3333333333333333,305000.0
PORT ADELAIDE ENFIELD,GREENACRES,14.0,415300.0
PORT ADELAIDE ENFIELD,HAMPSTEAD GARDENS,2.3333333333333335,451333.0
PORT ADELAIDE ENFIELD,HILLCREST,11.666666666666666,439500.0
PORT ADELAIDE ENFIELD,HOLDEN HILL,8.666666666666666,360500.0
PORT ADELAIDE ENFIELD,KILBURN,5.333333333333333,416500.0
PORT ADELAIDE ENFIELD,KLEMZIG,17.666666666666668,492500.0
PORT ADELAIDE ENFIELD,LARGS BAY,7.333333333333333,540000.0
PORT ADELAIDE ENFIELD,LARGS NORTH,17.0,417000.0
PORT ADELAIDE ENFIELD,MANNINGHAM,3.3333333333333335,520000.0
PORT ADELAIDE ENFIELD,MANSFIELD PARK,7.333333333333333,385000.0
PORT ADELAIDE ENFIELD,NORTH HAVEN,16.0,425000.0
PORT ADELAIDE ENFIELD,NORTHFIELD,13.333333333333334,408750.0
PORT ADELAIDE ENFIELD,NORTHGATE,21.333333333333332,535000.0
PORT ADELAIDE ENFIELD,OAKDEN,9.666666666666666,455000.0
PORT ADELAIDE ENFIELD,OSBORNE,5.333333333333333,400000.0
PORT ADELAIDE ENFIELD,OTTOWAY,6.333333333333333,323000.0
PORT ADELAIDE ENFIELD,OVINGHAM,1.6666666666666667,553000.0
PORT ADELAIDE ENFIELD,PETERHEAD,5.0,315000.0
PORT ADELAIDE ENFIELD,PORT ADELAIDE,2.6666666666666665,440000.0
PORT ADELAIDE ENFIELD,PROSPECT,31.333333333333332,580000.0
PORT ADELAIDE ENFIELD,QUEENSTOWN,5.666666666666667,399000.0
PORT ADELAIDE ENFIELD,ROSEWATER,9.333333333333334,365000.0
PORT ADELAIDE ENFIELD,SEFTON PARK,4.0,552500.0
PORT ADELAIDE ENFIELD,SEMAPHORE,6.0,545000.0
PORT ADELAIDE ENFIELD,SEMAPHORE SOUTH,3.6666666666666665,633000.0
PORT ADELAIDE ENFIELD,TAPEROO,9.333333333333334,345000.0
PORT ADELAIDE ENFIELD,VALLEY VIEW,17.0,367500.0
PORT ADELAIDE ENFIELD,WALKLEY HEIGHTS,4.666666666666667,503000.0
PORT ADELAIDE ENFIELD,WINDSOR GARDENS,17.666666666666668,430500.0
PORT ADELAIDE ENFIELD,WINGFIELD,0.6666666666666666,227500.0
PORT ADELAIDE ENFIELD,WOODVILLE GARDENS,1.0,0.0
PROSPECT,BROADVIEW,12.0,528375.0
PROSPECT,COLLINSWOOD,2.6666666666666665,825000.0
PROSPECT,FITZROY,0.6666666666666666,786000.0
PROSPECT,MEDINDIE GARDENS,0.6666666666666666,0.0
PROSPECT,NAILSWORTH,5.0,590000.0
PROSPECT,OVINGHAM,1.6666666666666667,553000.0
PROSPECT,PROSPECT,31.333333333333332,580000.0
PROSPECT,SEFTON PARK,4.0,552500.0
PROSPECT,THORNGATE,0.6666666666666666,850000.0
SALISBURY,BRAHMA LODGE,7.666666666666667,271000.0
SALISBURY,BURTON,22.333333333333332,315000.0
SALISBURY,DIREK,3.6666666666666665,318000.0
SALISBURY,ELIZABETH VALE,16.333333333333332,231000.0
SALISBURY,GULFVIEW HEIGHTS,8.333333333333334,387500.0
SALISBURY,INGLE FARM,34.333333333333336,311000.0
SALISBURY,MAWSON LAKES,42.666666666666664,459000.0
SALISBURY,MODBURY HEIGHTS,16.666666666666668,388000.0
SALISBURY,PARA HILLS,25.333333333333332,301000.0
SALISBURY,PARA HILLS WEST,6.333333333333333,316250.0
SALISBURY,PARA VISTA,9.0,325000.0
SALISBURY,PARAFIELD GARDENS,33.0,305000.0
SALISBURY,PARALOWIE,46.0,280000.0
SALISBURY,POORAKA,22.333333333333332,338000.0
SALISBURY,SALISBURY,15.666666666666666,297000.0
SALISBURY,SALISBURY DOWNS,13.333333333333334,312500.0
SALISBURY,SALISBURY EAST,26.0,302500.0
SALISBURY,SALISBURY HEIGHTS,8.333333333333334,417500.0
SALISBURY,SALISBURY NORTH,17.333333333333332,254000.0
SALISBURY,SALISBURY PARK,6.333333333333333,283500.0
SALISBURY,SALISBURY PLAIN,4.333333333333333,316000.0
SALISBURY,VALLEY VIEW,17.0,367500.0
SALISBURY,WALKLEY HEIGHTS,4.666666666666667,503000.0
TEA TREE GULLY,BANKSIA PARK,10.666666666666666,377500.0
TEA TREE GULLY,DERNANCOURT,14.0,453500.0
TEA TREE GULLY,FAIRVIEW PARK,10.666666666666666,362500.0
TEA TREE GULLY,GILLES PLAINS,9.666666666666666,367500.0
TEA TREE GULLY,GOLDEN GROVE,26.666666666666668,470000.0
TEA TREE GULLY,GREENWITH,28.333333333333332,410250.0
TEA TREE GULLY,GULFVIEW HEIGHTS,8.333333333333334,387500.0
TEA TREE GULLY,HIGHBURY,21.333333333333332,444000.0
TEA TREE GULLY,HOLDEN HILL,8.666666666666666,360500.0
TEA TREE GULLY,HOPE VALLEY,16.333333333333332,384720.0
TEA TREE GULLY,MODBURY,8.666666666666666,356250.0
TEA TREE GULLY,MODBURY HEIGHTS,16.666666666666668,388000.0
TEA TREE GULLY,MODBURY NORTH,12.333333333333334,363250.0
TEA TREE GULLY,REDWOOD PARK,15.666666666666666,370000.0
TEA TREE GULLY,RIDGEHAVEN,10.666666666666666,357000.0
TEA TREE GULLY,SALISBURY EAST,26.0,302500.0
TEA TREE GULLY,SALISBURY HEIGHTS,8.333333333333334,417500.0
TEA TREE GULLY,ST AGNES,8.333333333333334,401000.0
TEA TREE GULLY,SURREY DOWNS,10.666666666666666,350500.0
TEA TREE GULLY,TEA TREE GULLY,9.666666666666666,410000.0
TEA TREE GULLY,VALLEY VIEW,17.0,367500.0
TEA TREE GULLY,VISTA,3.6666666666666665,410275.0
TEA TREE GULLY,WYNN VALE,23.333333333333332,418000.0
UNLEY,BLACK FOREST,4.333333333333333,670000.0
UNLEY,CLARENCE PARK,2.0,742500.0
UNLEY,EVERARD PARK,0.6666666666666666,0.0
UNLEY,FORESTVILLE,0.6666666666666666,523000.0
UNLEY,FULLARTON,7.666666666666667,757500.0
UNLEY,GOODWOOD,4.666666666666667,710000.0
UNLEY,HIGHGATE,3.6666666666666665,852000.0
UNLEY,HYDE PARK,1.0,1040000.0
UNLEY,KESWICK,1.3333333333333333,560000.0
UNLEY,MALVERN,8.0,1102500.0
UNLEY,MILLSWOOD,3.6666666666666665,925000.0
UNLEY,MYRTLE BANK,6.333333333333333,815000.0
UNLEY,PARKSIDE,12.666666666666666,780000.0
UNLEY,UNLEY,8.333333333333334,1000000.5
UNLEY,UNLEY PARK,5.333333333333333,2100000.0
UNLEY,WAYVILLE,1.3333333333333333,775000.0
WALKERVILLE,GILBERTON,4.666666666666667,806000.0
WALKERVILLE,MEDINDIE,2.3333333333333335,1040000.0
WALKERVILLE,VALE PARK,7.666666666666667,615000.0
WALKERVILLE,WALKERVILLE,7.0,990000.0
WEST TORRENS,ASHFORD,1.0,0.0
WEST TORRENS,BROOKLYN PARK,12.333333333333334,452500.0
WEST TORRENS,CAMDEN PARK,9.0,543000.0
WEST TORRENS,COWANDILLA,2.0,414000.0
WEST TORRENS,FULHAM,7.666666666666667,610000.0
WEST TORRENS,GLANDORE,6.666666666666667,615000.0
WEST TORRENS,GLENELG NORTH,13.666666666666666,570000.0
WEST TORRENS,HILTON,2.6666666666666665,525000.0
WEST TORRENS,KESWICK,1.3333333333333333,560000.0
WEST TORRENS,KURRALTA PARK,7.0,586500.0
WEST TORRENS,LOCKLEYS,14.333333333333334,635000.0
WEST TORRENS,MARLESTON,3.0,530000.0
WEST TORRENS,MILE END,6.666666666666667,545000.0
WEST TORRENS,NETLEY,6.666666666666667,452500.0
WEST TORRENS,NORTH PLYMPTON,5.666666666666667,525000.0
WEST TORRENS,NOVAR GARDENS,6.666666666666667,565000.0
WEST TORRENS,PLYMPTON,11.0,520000.0
WEST TORRENS,RICHMOND,7.666666666666667,526500.0
WEST TORRENS,THEBARTON,4.666666666666667,534000.0
WEST TORRENS,TORRENSVILLE,11.666666666666666,576250.0
WEST TORRENS,UNDERDALE,5.333333333333333,511000.0
WEST TORRENS,WEST BEACH,9.0,633500.0
WEST TORRENS,WEST RICHMOND,3.6666666666666665,382500.0
